{
    "host": "localhost",
    "port": 3030,
    "public": "../public/",
    "paginate": {
        "default": 100,
        "max": 50
    },
    "authentication": {
        "entity": "user",
        "service": "users",
        "secret": "/zfz0BDZ1QRPM6A2m6fOIj+cnJk=",
        "authStrategies": [
            "jwt",
            "local"
        ],
        "jwtOptions": {
            "header": {
                "typ": "access"
            },
            "audience": "https://yourdomain.com",
            "issuer": "feathers",
            "algorithm": "HS256",
            "expiresIn": "1d"
        },
        "local": {
            "usernameField": "email",
            "passwordField": "password"
        },
        "oauth": {
            "redirect": "/",
            "auth0": {
                "key": "<auth0 oauth key>",
                "secret": "<auth0 oauth secret>",
                "subdomain": "<auth0 subdomain>",
                "scope": [
                    "profile",
                    "openid",
                    "email"
                ]
            },
            "google": {
                "key": "<google oauth key>",
                "secret": "<google oauth secret>",
                "scope": [
                    "email",
                    "profile",
                    "openid"
                ]
            },
            "facebook": {
                "key": "<facebook oauth key>",
                "secret": "<facebook oauth secret>"
            },
            "twitter": {
                "key": "<twitter oauth key>",
                "secret": "<twitter oauth secret>"
            },
            "github": {
                "key": "<github oauth key>",
                "secret": "<github oauth secret>"
            }
        }
    },
    "mongodb": "mongodb+srv://jeetsoni:5Z93EBTe4nUbfbT@cluster0.sspoy.mongodb.net/vidly-feathers?retryWrites=true&w=majority"
}